<?xml version="1.0" encoding="UTF-8"?>
<project-private xmlns="http://www.netbeans.org/ns/project-private/1">
    <editor-bookmarks xmlns="http://www.netbeans.org/ns/editor-bookmarks/2" lastBookmarkId="0"/>
    <open-files xmlns="http://www.netbeans.org/ns/projectui-open-files/2">
        <group>
            <file>file:/C:/Users/nit6l/Documents/GitHub/311group/Sprint1intoSprint2/src/sprint1/Category.java</file>
            <file>file:/C:/Users/nit6l/Documents/GitHub/311group/Sprint1intoSprint2/src/sprint1/Sprint1.java</file>
            <file>file:/C:/Users/nit6l/Documents/GitHub/311group/Sprint1intoSprint2/src/sprint1/UserList.java</file>
            <file>file:/C:/Users/nit6l/Documents/GitHub/311group/Sprint1intoSprint2/src/sprint1/LoginFXMLController.java</file>
            <file>file:/C:/Users/nit6l/Documents/GitHub/311group/Sprint1intoSprint2/src/sprint1/NavUI.fxml</file>
            <file>file:/C:/Users/nit6l/Documents/GitHub/311group/Sprint1intoSprint2/src/sprint1/LoginFXML.fxml</file>
            <file>file:/C:/Users/nit6l/Documents/GitHub/311group/Sprint1intoSprint2/src/sprint1/CategoryList.java</file>
            <file>file:/C:/Users/nit6l/Documents/GitHub/311group/Sprint1intoSprint2/src/sprint1/User.java</file>
        </group>
    </open-files>
</project-private>
